{"_type":"export","__export_format":4,"__export_date":"2020-06-03T02:36:44.614Z","__export_source":"insomnia.desktop.app:v7.0.6","resources":[{"_id":"req_86edeed90c1248ea83f61e49a07ea090","authentication":{},"body":{"mimeType":"application/json","text":"{\n\t\"name\": \"Mercadinho daqui da esquina\",\n\t\"email\": \"contato@aquidaesquina.com.br\",\n\t\"whatsapp\": \"11954655555\",\n\t\"latitude\": -35.45688846,\n\t\"longitude\": -55.45688846,\n\t\"city\": \"São Paulo\",\n\t\"uf\": \"SP\",\n\t\"items\": [\n\t\t1,2,4\n\t]\n}"},"created":1591145196200,"description":"","headers":[{"id":"pair_d06fa587900846da91de5946cae6b1e2","name":"Content-Type","value":"application/json"}],"isPrivate":false,"metaSortKey":-1591144957683,"method":"POST","modified":1591150606201,"name":"Create Point","parameters":[],"parentId":"fld_9e4dbdc3588645d4be9980ba61b4b0dc","settingDisableRenderRequestBody":false,"settingEncodeUrl":true,"settingFollowRedirects":"global","settingRebuildPath":true,"settingSendCookies":true,"settingStoreCookies":true,"url":"{{ base_url  }}/points","_type":"request"},{"_id":"fld_9e4dbdc3588645d4be9980ba61b4b0dc","created":1591145182206,"description":"","environment":{},"environmentPropertyOrder":null,"metaSortKey":-1591145182206,"modified":1591150396371,"name":"Pontos de coleta","parentId":"wrk_1d503bf76cd64b47a653fec736d14779","_type":"request_group"},{"_id":"wrk_1d503bf76cd64b47a653fec736d14779","created":1591141528340,"description":"","modified":1591141528340,"name":"NLW 1.0 - Ecoleta","parentId":null,"_type":"workspace"},{"_id":"req_aebed111536e4469a23c75d61c4045b6","authentication":{},"body":{},"created":1591144957632,"description":"","headers":[],"isPrivate":false,"metaSortKey":-1591144957633,"method":"GET","modified":1591151749240,"name":"Show Point","parameters":[],"parentId":"fld_9e4dbdc3588645d4be9980ba61b4b0dc","settingDisableRenderRequestBody":false,"settingEncodeUrl":true,"settingFollowRedirects":"global","settingRebuildPath":true,"settingSendCookies":true,"settingStoreCookies":true,"url":"{{ base_url  }}/points/5","_type":"request"},{"_id":"req_9e57d844f7704f7fa9871249c5927ab5","authentication":{},"body":{},"created":1591149503118,"description":"","headers":[],"isPrivate":false,"metaSortKey":-1591144957620.5,"method":"GET","modified":1591151773877,"name":"List Points","parameters":[{"description":"","disabled":false,"id":"pair_d3238e8f45eb4aa8bf923350ddab13fe","name":"city","value":"São Paulo"},{"description":"","disabled":false,"id":"pair_1fd7fe99bbb74647863711dff0d1bad2","name":"uf","value":"SP"},{"description":"","disabled":false,"id":"pair_dad5f31d02e3482ca8eabdd5fd9c7c10","name":"items","value":"1"}],"parentId":"fld_9e4dbdc3588645d4be9980ba61b4b0dc","settingDisableRenderRequestBody":false,"settingEncodeUrl":true,"settingFollowRedirects":"global","settingRebuildPath":true,"settingSendCookies":true,"settingStoreCookies":true,"url":"{{ base_url  }}/points","_type":"request"},{"_id":"req_4b0bddbfa5dc42e78fbd3532ceec8138","authentication":{},"body":{},"created":1591149465219,"description":"","headers":[],"isPrivate":false,"metaSortKey":-1591144957608,"method":"GET","modified":1591150017410,"name":"List Items","parameters":[],"parentId":"fld_9e4dbdc3588645d4be9980ba61b4b0dc","settingDisableRenderRequestBody":false,"settingEncodeUrl":true,"settingFollowRedirects":"global","settingRebuildPath":true,"settingSendCookies":true,"settingStoreCookies":true,"url":"{{ base_url  }}/items","_type":"request"},{"_id":"env_31659bc1770fe3db02f1cd2962f61dedf6ef55af","color":null,"created":1591141528471,"data":{"base_url":"http://localhost:3333"},"dataPropertyOrder":{"&":["base_url"]},"isPrivate":false,"metaSortKey":1591141528471,"modified":1591145125413,"name":"Base Environment","parentId":"wrk_1d503bf76cd64b47a653fec736d14779","_type":"environment"},{"_id":"jar_31659bc1770fe3db02f1cd2962f61dedf6ef55af","cookies":[],"created":1591141528473,"modified":1591141528473,"name":"Default Jar","parentId":"wrk_1d503bf76cd64b47a653fec736d14779","_type":"cookie_jar"}]}